{
    "header": {
        "stamp": {
            "sec": 0,
            "nanosec": 0
        },
        "frame_id": "lidar"
    },
    "child_frame_id": "camera0/camera_link",
    "transform": {
        "translation": {
            "x": -0.11526471066813401,
            "y": 0.017641873134727704,
            "z": -0.01398739261762259
        },
        "rotation": {
            "x": 0.007705798905675313,
            "y": -0.0052946811177535524,
            "z": -0.8344191642328566,
            "w": 0.5510510369975066
        }
    },
    "roll": 0.01732983869130144,
    "pitch": 0.007024511293377782,
    "yaw": -1.9742275788518604
}