{
    "header": {
        "stamp": {
            "sec": 0,
            "nanosec": 0
        },
        "frame_id": "lidar"
    },
    "child_frame_id": "camera1/camera_link",
    "transform": {
        "translation": {
            "x": 0.09248971578439465,
            "y": 0.0335963410567916,
            "z": -0.01755184234676255
        },
        "rotation": {
            "x": 0.0018855978160796337,
            "y": 0.003378411290495653,
            "z": -0.5425391174065146,
            "w": 0.8400216288535602
        }
    },
    "roll": -0.0004979695291048499,
    "pitch": 0.007721975002112231,
    "yaw": -1.1469252272070602
}